{"camera_matrix":
  [[963.414492647487, 0.0, 399.4929096751381],
    [0.0, 963.5418011159297, 399.48519331649914], [0.0, 0.0, 1.0]], "distortion_coefficients": [0.0, 0.0, -0.00011761346505041357, -0.00018190393945947126, 0.0]}