{"camera_matrix": [[964.2769004208552, 0.0, 399.4962475444449], [0.0, 964.6962479949138, 399.4933546945478], [0.0, 0.0, 1.0]], "distortion_coefficients": [0.0, 0.0, -1.9455141395003073e-05, -0.0002002585295650174, 0.0]}