{"camera_matrix": [[3558.2547804162537, 0.0, 839.8172037370053], [0.0, 3557.2809704603087, 603.1503340380029], [0.0, 0.0, 1.0]], "distortion_coefficients": [[-0.11546574717491714, 0.6372658669723802, 0.0003404778395764536, 0.005549271185702402, -9.538765447685645]]}